Top pages,Clicks,Impressions,CTR,Position
https://drawdown.trading/sg/brokers/saxo-markets-singapore,2,139,1.44%,27
https://drawdown.trading/learn-to-trade/trading-courses/swansea,2,9,22.22%,6.78
https://drawdown.trading/learn-to-trade/trading-tax-uk,1,63,1.59%,60.67
https://drawdown.trading/us,1,52,1.92%,38.73
https://drawdown.trading/compare/cmc-vs-ig,1,46,2.17%,42.72
https://drawdown.trading/learn-to-trade/trading-courses/belfast,1,30,3.33%,11.43
https://drawdown.trading/blog/the-only-three-indicators,1,24,4.17%,4.54
https://drawdown.trading/learn-to-trade/trading-courses/coventry,1,24,4.17%,10.04
https://drawdown.trading/learn-to-trade/trading-courses/derby,1,23,4.35%,7.09
https://drawdown.trading/learn-to-trade/trading-courses/cardiff,1,19,5.26%,8.89
https://drawdown.trading/how-to/trade-with-1000-pounds,1,16,6.25%,12.62
https://drawdown.trading/learn-to-trade/trading-courses/manchester,1,15,6.67%,12
https://drawdown.trading/learn-to-trade/trading-courses/dundee,1,14,7.14%,8.21
https://drawdown.trading/hk/how-to/start-trading-hong-kong,1,14,7.14%,45.21
https://drawdown.trading/compare/spread-betting-vs-stocks,1,10,10%,40.5
https://drawdown.trading/learn-to-trade/day-trading/coventry,1,7,14.29%,15.29
https://drawdown.trading/learn-to-trade/online-trading/belfast,1,5,20%,9.2
https://drawdown.trading/learn-to-trade/online-trading/york,1,4,25%,6.25
https://drawdown.trading/learn-to-trade/crypto-trading/sheffield,1,4,25%,9
https://drawdown.trading/learn-to-trade/options-trading/glasgow,1,3,33.33%,1.67
https://drawdown.trading/learn-to-trade/candlestick-patterns/reading,1,2,50%,3
https://drawdown.trading/learn-to-trade/options-trading/liverpool,1,2,50%,3.5
https://drawdown.trading/markets/eurusd,1,2,50%,8
https://drawdown.trading/glossary/market-maker,1,1,100%,3
https://drawdown.trading/best/spread-betting-platform-uk,0,10319,0%,77.14
https://drawdown.trading/best/forex-broker-uk,0,3254,0%,77.23
https://drawdown.trading/au/best/forex-broker-australia,0,2209,0%,83.99
https://drawdown.trading/best/day-trading-platform-uk,0,880,0%,61.22
https://drawdown.trading/compare/spread-betting-vs-cfds,0,660,0%,61.65
https://drawdown.trading/us/best/forex-broker-us,0,574,0%,71.34
https://drawdown.trading/best/broker-for-beginners-uk,0,550,0%,69.57
https://drawdown.trading/best/cfd-broker-uk,0,515,0%,82.13
https://drawdown.trading/best/broker-for-options-uk,0,483,0%,66.11
https://drawdown.trading/best/broker-no-minimum-deposit-uk,0,379,0%,71.67
https://drawdown.trading/learn-to-trade/spread-betting,0,368,0%,68.49
https://drawdown.trading/courses/ground-zero/module-5,0,361,0%,56.72
https://drawdown.trading/brokers/trading-212,0,340,0%,50.33
https://drawdown.trading/best/risk-management-strategy,0,307,0%,51.16
https://drawdown.trading/how-to/start-spread-betting,0,296,0%,71.75
https://drawdown.trading/brokers/xtb,0,273,0%,59.95
https://drawdown.trading/sg/best/forex-broker-singapore,0,252,0%,81.87
https://drawdown.trading/best/low-spread-broker-uk,0,222,0%,72.74
https://drawdown.trading/sg/brokers/oanda-singapore,0,208,0%,36.55
https://drawdown.trading/best/broker-for-swing-trading-uk,0,203,0%,46.57
https://drawdown.trading/best/trading-monitor-setup,0,195,0%,44.28
https://drawdown.trading/how-to/use-fibonacci,0,195,0%,51.29
https://drawdown.trading/markets/forex/eurusd,0,190,0%,56.44
https://drawdown.trading/sg/best/trading-app-singapore,0,166,0%,53.64
https://drawdown.trading/blog/spread-betting-vs-cfds,0,164,0%,60.32
https://drawdown.trading/best,0,164,0%,60.47
https://drawdown.trading/learn-to-trade/trading-courses,0,156,0%,65
https://drawdown.trading/markets/forex/usdjpy,0,151,0%,59.24
https://drawdown.trading/learn-to-trade/trading-courses/london,0,148,0%,52.53
https://drawdown.trading/compare/mt4-vs-mt5,0,134,0%,67.6
https://drawdown.trading/sg/best/ai-trading-tools-singapore,0,127,0%,49.12
https://drawdown.trading/hk/how-to/trading-tax-hong-kong,0,120,0%,11.72
https://drawdown.trading/best/broker-low-deposit,0,114,0%,63.4
https://drawdown.trading/best/trading-platform-uk,0,112,0%,65.78
https://drawdown.trading/learn-to-trade/risk-management,0,105,0%,73.89
https://drawdown.trading/sg/brokers/plus500-singapore,0,97,0%,15.32
https://drawdown.trading/brokers/spreadex,0,96,0%,42.39
https://drawdown.trading/brokers/tastyfx,0,95,0%,60.31
https://drawdown.trading/markets/forex/gbpusd,0,81,0%,58.43
https://drawdown.trading/blog/the-1-percent-rule,0,78,0%,6.67
https://drawdown.trading/brokers/plus500,0,78,0%,52.24
https://drawdown.trading/compare/trading-212-vs-etoro,0,72,0%,64.71
https://drawdown.trading/us/compare/schwab-vs-fidelity,0,71,0%,11.7
https://drawdown.trading/glossary/direct-market-access,0,69,0%,74.45
https://drawdown.trading/us/brokers/tastyfx,0,67,0%,44.9
https://drawdown.trading/sg/how-to/trade-forex-singapore,0,61,0%,50.46
https://drawdown.trading/compare/ig-vs-cmc,0,60,0%,70.12
https://drawdown.trading/compare/ig-vs-trading-212,0,57,0%,26.96
https://drawdown.trading/best/prop-firm,0,54,0%,72.24
https://drawdown.trading/sg/how-to/start-trading-singapore,0,54,0%,80.96
https://drawdown.trading/brokers,0,53,0%,60.58
https://drawdown.trading/hk/how-to/trade-us-stocks-from-hong-kong,0,52,0%,67.67
https://drawdown.trading/compare/saxo-bank-vs-swissquote,0,51,0%,35.29
https://drawdown.trading/sg/how-to/trade-us-stocks-from-singapore,0,49,0%,66.94
https://drawdown.trading/compare/ig-vs-xtb,0,48,0%,30.5
https://drawdown.trading/prop-firms,0,48,0%,75.04
https://drawdown.trading/sg/best/trading-course-singapore,0,45,0%,53.84
https://drawdown.trading/learn-to-trade/cfd-trading/london,0,44,0%,57.14
https://drawdown.trading/sg/brokers/cmc-markets-singapore,0,42,0%,28.9
https://drawdown.trading/glossary/engulfing-pattern,0,42,0%,70.24
https://drawdown.trading/learn-to-trade/day-trading,0,40,0%,60.77
https://drawdown.trading/how-to,0,40,0%,62.05
https://drawdown.trading/brokers/pepperstone,0,39,0%,66.28
https://drawdown.trading/us/how-to/pay-tax-trading-us,0,38,0%,7.32
https://drawdown.trading/blog/ict-michael-huddleston-honest-review,0,34,0%,7.18
https://drawdown.trading/how-to/grow-small-trading-account,0,34,0%,47.06
https://drawdown.trading/brokers/ig,0,33,0%,43.76
https://drawdown.trading/markets/forex/eurgbp,0,33,0%,52.09
https://drawdown.trading/us/learn-to-trade/trading-courses/chicago,0,31,0%,26.9
https://drawdown.trading/learn-to-trade/trading-courses/liverpool,0,29,0%,9.17
https://drawdown.trading/compare/pepperstone-vs-ic-markets,0,27,0%,36.59
https://drawdown.trading/markets/forex/audusd,0,27,0%,42.19
https://drawdown.trading/sg/how-to/trading-tax-singapore,0,25,0%,30.88
https://drawdown.trading/glossary/fat-finger-trade,0,25,0%,53.36
https://drawdown.trading/compare/etoro-vs-plus500,0,25,0%,62.56
https://drawdown.trading/best/broker-for-scalping-uk,0,25,0%,77.32
https://drawdown.trading/sg/brokers/city-index-singapore,0,24,0%,20.54
https://drawdown.trading/blog/economic-calendar-guide,0,24,0%,38.54
https://drawdown.trading/us/learn-to-trade/trading-courses/denver,0,23,0%,8.83
https://drawdown.trading/learn-to-trade/trading-courses/glasgow,0,23,0%,15.7
https://drawdown.trading/best/trading-discord,0,23,0%,19.09
https://drawdown.trading/us/best/stock-broker-usa,0,23,0%,19.78
https://drawdown.trading/learn-to-trade/cfd-trading/reading,0,23,0%,52.26
https://drawdown.trading/,0,22,0%,8.41
https://drawdown.trading/us/compare/tastyfx-vs-oanda,0,22,0%,11.45
https://drawdown.trading/compare/fundamental-vs-sentiment,0,22,0%,22.86
https://drawdown.trading/hk/how-to/trade-forex-hong-kong,0,22,0%,31.41
https://drawdown.trading/blog/spread-betting-tax-uk-guide,0,22,0%,57.55
https://drawdown.trading/learn-to-trade/stock-trading-uk/london,0,22,0%,76.09
https://drawdown.trading/learn-to-trade/online-trading/bristol,0,21,0%,8.38
https://drawdown.trading/blog/uk-trading-tax-guide,0,21,0%,10.9
https://drawdown.trading/markets/forex/gbpjpy,0,21,0%,47.38
https://drawdown.trading/glossary/quant,0,21,0%,49.81
https://drawdown.trading/learn-to-trade/trading-courses/leicester,0,20,0%,6.95
https://drawdown.trading/compare/trading-212-vs-xtb,0,20,0%,17.45
https://drawdown.trading/blog/coffeezilla-alexg-trading-education,0,20,0%,19.8
https://drawdown.trading/compare,0,20,0%,32
https://drawdown.trading/best/moving-average-strategy,0,20,0%,34.25
https://drawdown.trading/learn-to-trade/trading-courses/edinburgh,0,19,0%,7.32
https://drawdown.trading/hk,0,19,0%,15.79
https://drawdown.trading/learn-to-trade/spread-betting/reading,0,19,0%,55.16
https://drawdown.trading/learn-to-trade/day-trading/london,0,19,0%,57.47
https://drawdown.trading/sg/best/prop-firm-singapore,0,19,0%,73.79
https://drawdown.trading/best/trading-laptop,0,18,0%,15.28
https://drawdown.trading/glossary,0,17,0%,13.59
https://drawdown.trading/best/forex-pairs-to-trade,0,16,0%,6.19
https://drawdown.trading/learn-to-trade/position-sizing,0,16,0%,6.25
https://drawdown.trading/us/compare/interactive-brokers-vs-schwab,0,16,0%,11.5
https://drawdown.trading/compare/ig-vs-pepperstone,0,16,0%,13.38
https://drawdown.trading/glossary/stop-hunt,0,16,0%,43.88
https://drawdown.trading/us/learn-to-trade/trading-courses/new-york,0,16,0%,56.44
https://drawdown.trading/glossary/distribution,0,15,0%,8.93
https://drawdown.trading/blog/why-free-signals-cost-money,0,15,0%,10.87
https://drawdown.trading/how-to/trade-with-100-pounds,0,15,0%,29.47
https://drawdown.trading/pricing,0,15,0%,43.67
https://drawdown.trading/glossary/expert-advisor,0,15,0%,68.87
https://drawdown.trading/blog/why-most-uk-traders-fail,0,14,0%,5.93
https://drawdown.trading/learn-to-trade/trading-courses/milton-keynes,0,14,0%,7.36
https://drawdown.trading/learn-to-trade/trading-courses/leeds,0,14,0%,9.21
https://drawdown.trading/compare/scalping-vs-day-trading,0,14,0%,15.71
https://drawdown.trading/au,0,14,0%,27.29
https://drawdown.trading/glossary/retail-trader,0,14,0%,36.93
https://drawdown.trading/learn-to-trade/trading-courses/nottingham,0,13,0%,7.85
https://drawdown.trading/de,0,13,0%,34.15
https://drawdown.trading/courses,0,13,0%,45.62
https://drawdown.trading/compare/thinkmarkets-vs-admiral-markets,0,13,0%,57.54
https://drawdown.trading/sg/best/cfd-broker-singapore,0,13,0%,72.23
https://drawdown.trading/learn-to-trade/trading-courses/bristol,0,12,0%,7.67
https://drawdown.trading/hk/brokers,0,12,0%,7.75
https://drawdown.trading/learn-to-trade/trading-courses/newcastle,0,12,0%,8.75
https://drawdown.trading/tools,0,12,0%,13
https://drawdown.trading/us/learn-to-trade/trading-courses/san-francisco,0,12,0%,22.17
https://drawdown.trading/learn-to-trade/forex-trading,0,12,0%,25
https://drawdown.trading/learn-to-trade/trading-courses/sheffield,0,11,0%,6.55
https://drawdown.trading/learn-to-trade/stock-trading-uk/edinburgh,0,11,0%,7.82
https://drawdown.trading/learn-to-trade/trading-courses/birmingham,0,11,0%,10.82
https://drawdown.trading/learn-to-trade/trading-courses/southampton,0,11,0%,14.18
https://drawdown.trading/us/learn-to-trade/trading-courses/seattle,0,11,0%,15.55
https://drawdown.trading/glossary/over-leveraging,0,11,0%,21.82
https://drawdown.trading/about,0,11,0%,31.18
https://drawdown.trading/compare/ig-vs-interactive-brokers,0,11,0%,35
https://drawdown.trading/best/trading-mindset-books,0,11,0%,53.73
https://drawdown.trading/brokers/ic-markets,0,11,0%,62.64
https://drawdown.trading/learn-to-trade/trading-courses/cambridge,0,10,0%,8.4
https://drawdown.trading/compare/funded-vs-own-capital,0,10,0%,9.8
https://drawdown.trading/how-to/pay-trading-tax-uk,0,10,0%,59.8
https://drawdown.trading/us/best/futures-broker-us,0,10,0%,82.3
https://drawdown.trading/learn-to-trade/trading-courses/reading,0,9,0%,5.44
https://drawdown.trading/compare/xtb-vs-cmc-markets,0,9,0%,7
https://drawdown.trading/markets,0,9,0%,17.22
https://drawdown.trading/brokers/fp-markets,0,9,0%,22.11
https://drawdown.trading/us/best/options-trading-platform-us,0,9,0%,29
https://drawdown.trading/brokers/etoro,0,9,0%,29.56
https://drawdown.trading/learn-to-trade,0,9,0%,36
https://drawdown.trading/brokers/cmc-markets,0,9,0%,46.11
https://drawdown.trading/us/brokers/robinhood,0,9,0%,54.33
https://drawdown.trading/learn-to-trade/stock-trading-uk,0,9,0%,56.56
https://drawdown.trading/trading-tools/tradervue,0,9,0%,59
https://drawdown.trading/learn-to-trade/trading-courses/brighton,0,8,0%,7.25
https://drawdown.trading/us/learn-to-trade/trading-courses/houston,0,8,0%,30.5
https://drawdown.trading/us/learn-to-trade/trading-courses/austin,0,8,0%,36.88
https://drawdown.trading/best/trading-books,0,8,0%,71
https://drawdown.trading/blog/tradingview-pro-setup,0,7,0%,5
https://drawdown.trading/blog/friday-trading-traps,0,7,0%,6.86
https://drawdown.trading/how-to/identify-trend,0,7,0%,7
https://drawdown.trading/blog/prop-firm-honest-review,0,7,0%,9
https://drawdown.trading/us/learn-to-trade/forex-trading/las-vegas,0,7,0%,9
https://drawdown.trading/sg/brokers/ig-singapore,0,7,0%,12.14
https://drawdown.trading/glossary/delta-volume,0,7,0%,13.29
https://drawdown.trading/courses/ground-zero,0,7,0%,13.57
https://drawdown.trading/learn-to-trade/algorithmic-trading/birmingham,0,7,0%,17.71
https://drawdown.trading/compare/futures-vs-cfds,0,7,0%,21.29
https://drawdown.trading/us/brokers/interactive-brokers,0,7,0%,31.86
https://drawdown.trading/glossary/imbalance,0,7,0%,34
https://drawdown.trading/glossary/footprint-chart,0,7,0%,45.71
https://drawdown.trading/glossary/bear-flag,0,7,0%,65.57
https://drawdown.trading/learn-to-trade/trading-courses/bath,0,6,0%,4.67
https://drawdown.trading/compare/trend-following-vs-mean-reversion,0,6,0%,4.83
https://drawdown.trading/blog/gbpusd-trading-guide,0,6,0%,5.33
https://drawdown.trading/learn-to-trade/trading-courses/aberdeen,0,6,0%,5.5
https://drawdown.trading/learn-to-trade/trading-courses/plymouth,0,6,0%,5.83
https://drawdown.trading/blog/institutional-vs-retail-psychology,0,6,0%,9.5
https://drawdown.trading/compare/blackbull-markets-vs-vantage,0,6,0%,11
https://drawdown.trading/us/best/penny-stock-broker-us,0,6,0%,13.5
https://drawdown.trading/best/broker-for-swing-trading,0,6,0%,16.83
https://drawdown.trading/learn-to-trade/futures-trading/london,0,6,0%,20.67
https://drawdown.trading/learn-to-trade/online-trading/coventry,0,6,0%,30.33
https://drawdown.trading/us/best/broker-no-pdt-rule,0,6,0%,34.17
https://drawdown.trading/best/trading-youtube-channels,0,6,0%,45.67
https://drawdown.trading/learn-to-trade/spread-betting/london,0,6,0%,58.83
https://drawdown.trading/sg/how-to/trade-sgx,0,6,0%,63
https://drawdown.trading/glossary/wash-trading,0,6,0%,77.17
https://drawdown.trading/learn-to-trade/futures-trading/manchester,0,5,0%,1.6
https://drawdown.trading/us/brokers/webull,0,5,0%,4.8
https://drawdown.trading/blog/cost-of-revenge-trading,0,5,0%,7
https://drawdown.trading/best/trading-indicator,0,5,0%,7.6
https://drawdown.trading/compare/funding-pips-vs-ftmo,0,5,0%,10
https://drawdown.trading/blog/position-sizing-small-accounts,0,5,0%,14.4
https://drawdown.trading/how-to/manage-multiple-positions,0,5,0%,18
https://drawdown.trading/sg,0,5,0%,27.8
https://drawdown.trading/best/trading-simulator,0,5,0%,28.8
https://drawdown.trading/disclaimer,0,5,0%,33.4
https://drawdown.trading/learn-to-trade/algorithmic-trading/chesterfield,0,5,0%,34.6
https://drawdown.trading/us/learn-to-trade/options-trading/chicago,0,5,0%,47.6
https://drawdown.trading/glossary/bull-flag,0,5,0%,66
https://drawdown.trading/glossary/scalping,0,5,0%,69.2
https://drawdown.trading/glossary/lot-size,0,5,0%,70.4
https://drawdown.trading/hk/compare/ig-vs-saxo-hong-kong,0,4,0%,3.75
https://drawdown.trading/learn-to-trade/forex-trading/nottingham,0,4,0%,4.25
https://drawdown.trading/sg/disclaimer,0,4,0%,4.75
https://drawdown.trading/learn-to-trade/options-trading/oxford,0,4,0%,5.75
https://drawdown.trading/contact,0,4,0%,6.5
https://drawdown.trading/learn-to-trade/swing-trading,0,4,0%,11.25
https://drawdown.trading/compare/london-vs-new-york-session,0,4,0%,12.75
https://drawdown.trading/learn-to-trade/day-trading/southampton,0,4,0%,15.5
https://drawdown.trading/hk/compare/interactive-brokers-vs-saxo-hong-kong,0,4,0%,16.5
https://drawdown.trading/markets/gbpusd,0,4,0%,25.75
https://drawdown.trading/ca,0,4,0%,29.25
https://drawdown.trading/glossary/walk-forward-analysis,0,4,0%,31.5
https://drawdown.trading/blog,0,4,0%,31.75
https://drawdown.trading/best/crypto-trading-platform-uk,0,4,0%,32
https://drawdown.trading/glossary/pyramiding,0,4,0%,36.5
https://drawdown.trading/privacy,0,4,0%,38.5
https://drawdown.trading/sg/best/broker-for-beginners-singapore,0,4,0%,41
https://drawdown.trading/glossary/guaranteed-stop-loss,0,4,0%,48.5
https://drawdown.trading/markets/dax-40,0,4,0%,62.75
https://drawdown.trading/sg/how-to/open-trading-account-singapore,0,4,0%,67.25
https://drawdown.trading/glossary/wedge-pattern,0,4,0%,80
https://drawdown.trading/au/learn-to-trade/crypto-trading/wollongong,0,3,0%,1
https://drawdown.trading/compare/forex-vs-stocks,0,3,0%,2.67
https://drawdown.trading/glossary/spread,0,3,0%,5
https://drawdown.trading/glossary/fair-value-gap,0,3,0%,5.33
https://drawdown.trading/compare/xtb-vs-pepperstone,0,3,0%,5.67
https://drawdown.trading/learn-to-trade/risk-management/derby,0,3,0%,7
https://drawdown.trading/learn-to-trade/trading-courses/sunderland,0,3,0%,7
https://drawdown.trading/glossary/kelly-criterion,0,3,0%,7.33
https://drawdown.trading/us/brokers/forex-com,0,3,0%,7.67
https://drawdown.trading/learn-to-trade/crypto-trading/swansea,0,3,0%,8.33
https://drawdown.trading/compare/gold-vs-silver-trading,0,3,0%,8.67
https://drawdown.trading/learn-to-trade/online-trading/birmingham,0,3,0%,10
https://drawdown.trading/learn-to-trade/price-action/leicester,0,3,0%,10
https://drawdown.trading/learn-to-trade/online-trading/manchester,0,3,0%,11
https://drawdown.trading/au/learn-to-trade/crypto-trading/adelaide,0,3,0%,11.67
https://drawdown.trading/glossary/half-pip,0,3,0%,22.33
https://drawdown.trading/compare/ig-vs-ic-markets,0,3,0%,22.67
https://drawdown.trading/courses/ground-zero/module-8,0,3,0%,26
https://drawdown.trading/best/tradingview-indicators,0,3,0%,35
https://drawdown.trading/ae,0,3,0%,36
https://drawdown.trading/in,0,3,0%,36
https://drawdown.trading/compare/eightcap-vs-fp-markets,0,3,0%,37.67
https://drawdown.trading/my,0,3,0%,37.67
https://drawdown.trading/us/learn-to-trade/trading-courses/los-angeles,0,3,0%,39.33
https://drawdown.trading/glossary/confirmation,0,3,0%,41
https://drawdown.trading/learn-to-trade/cfd-trading,0,3,0%,62.33
https://drawdown.trading/glossary/accumulation,0,3,0%,65
https://drawdown.trading/learn-to-trade/cfd-trading/liverpool,0,3,0%,77.33
https://drawdown.trading/best/free-trading-tools,0,3,0%,77.67
https://drawdown.trading/glossary/hedging-strategy,0,3,0%,78.67
https://drawdown.trading/glossary/institutional-trading,0,3,0%,90
https://drawdown.trading/learn-to-trade/algorithmic-trading/cardiff,0,2,0%,1
https://drawdown.trading/glossary/inflation,0,2,0%,2
https://drawdown.trading/learn-to-trade/price-action,0,2,0%,2
https://drawdown.trading/blog/gold-safe-haven-uk-traders,0,2,0%,4.5
https://drawdown.trading/learn-to-trade/futures-trading/swansea,0,2,0%,4.5
https://drawdown.trading/learn-to-trade/online-trading/leicester,0,2,0%,5.5
https://drawdown.trading/learn-to-trade/scalping-strategies,0,2,0%,5.5
https://drawdown.trading/learn-to-trade/candlestick-patterns,0,2,0%,6.5
https://drawdown.trading/glossary/interest-rate,0,2,0%,7
https://drawdown.trading/us/learn-to-trade/futures-trading/denver,0,2,0%,7
https://drawdown.trading/best/trading-podcast,0,2,0%,7.5
https://drawdown.trading/learn-to-trade/stock-trading-uk/cambridge,0,2,0%,7.5
https://drawdown.trading/markets/sp-500,0,2,0%,7.5
https://drawdown.trading/us/brokers/fidelity,0,2,0%,7.5
https://drawdown.trading/us/learn-to-trade/stock-trading/las-vegas,0,2,0%,7.5
https://drawdown.trading/how-to/trade-breakouts,0,2,0%,8
https://drawdown.trading/learn-to-trade/cfd-trading/aberdeen,0,2,0%,8.5
https://drawdown.trading/learn-to-trade/options-trading/bristol,0,2,0%,8.5
https://drawdown.trading/learn-to-trade/online-trading/nottingham,0,2,0%,9
https://drawdown.trading/compare/etoro-vs-trading-212,0,2,0%,9.5
https://drawdown.trading/learn-to-trade/trading-courses/oxford,0,2,0%,9.5
https://drawdown.trading/courses/ground-zero/module-2,0,2,0%,10
https://drawdown.trading/us/how-to/trade-spy-options,0,2,0%,10
https://drawdown.trading/glossary/convergence,0,2,0%,11
https://drawdown.trading/learn-to-trade/day-trading/derby,0,2,0%,11
https://drawdown.trading/learn-to-trade/fundamental-analysis/hull,0,2,0%,11
https://drawdown.trading/learn-to-trade/price-action/london,0,2,0%,11
https://drawdown.trading/compare/best-uk-broker-vs-international,0,2,0%,11.5
https://drawdown.trading/compare/ctrader-vs-mt5,0,2,0%,11.5
https://drawdown.trading/learn-to-trade/futures-trading/cardiff,0,2,0%,12.5
https://drawdown.trading/learn-to-trade/options-trading/london,0,2,0%,14
https://drawdown.trading/how-to/use-macd,0,2,0%,14.5
https://drawdown.trading/glossary/curve-fitting,0,2,0%,19
https://drawdown.trading/learn-to-trade/online-trading/southampton,0,2,0%,20.5
https://drawdown.trading/store/prop-survival-kit,0,2,0%,21.5
https://drawdown.trading/us/best/day-trading-platform-us,0,2,0%,25
https://drawdown.trading/us/best/stock-broker-us,0,2,0%,25
https://drawdown.trading/learn-to-trade/spread-betting/oxford,0,2,0%,31.5
https://drawdown.trading/how-to/build-trading-watchlist,0,2,0%,36
https://drawdown.trading/brokers/ibkr,0,2,0%,37.5
https://drawdown.trading/learn-to-trade/order-flow-trading,0,2,0%,39.5
https://drawdown.trading/learn-to-trade/order-flow-trading/london,0,2,0%,44.5
https://drawdown.trading/markets/microsoft-msft,0,2,0%,47.5
https://drawdown.trading/glossary/risk-of-ruin,0,2,0%,48
https://drawdown.trading/tools/ai-trade-journal,0,2,0%,56
https://drawdown.trading/blog/trading-taxes-uk-explained,0,2,0%,56.5
https://drawdown.trading/learn-to-trade/online-trading/london,0,2,0%,63
https://drawdown.trading/sg/brokers,0,2,0%,75
https://drawdown.trading/glossary/macd,0,2,0%,79
https://drawdown.trading/learn-to-trade/cfd-trading/york,0,2,0%,81.5
https://drawdown.trading/glossary/black-swan-event,0,2,0%,83.5
https://drawdown.trading/learn-to-trade/cfd-trading/cambridge,0,2,0%,83.5
https://drawdown.trading/glossary/intraday,0,2,0%,85
https://drawdown.trading/blog/understanding-market-liquidity,0,1,0%,1
https://drawdown.trading/courses/fundamental-edge,0,1,0%,1
https://drawdown.trading/compare/tradingview-vs-mt4,0,1,0%,2
https://drawdown.trading/learn-to-trade/candlestick-patterns/edinburgh,0,1,0%,2
https://drawdown.trading/learn-to-trade/futures-trading/reading,0,1,0%,2
https://drawdown.trading/login,0,1,0%,2
https://drawdown.trading/us/compare/cash-account-vs-margin-account,0,1,0%,2
https://drawdown.trading/courses/ground-zero/module-1,0,1,0%,3
https://drawdown.trading/hk/disclaimer,0,1,0%,3
https://drawdown.trading/learn-to-trade/candlestick-patterns/sheffield,0,1,0%,3
https://drawdown.trading/learn-to-trade/futures-trading/cambridge,0,1,0%,3
https://drawdown.trading/learn-to-trade/options-trading,0,1,0%,3
https://drawdown.trading/us/learn-to-trade/algorithmic-trading/austin,0,1,0%,3
https://drawdown.trading/blog/kelly-criterion-risk-calculator,0,1,0%,4
https://drawdown.trading/compare/price-action-vs-indicators,0,1,0%,4
https://drawdown.trading/compare/rsi-vs-stochastic,0,1,0%,4
https://drawdown.trading/compare/spreadex-vs-city-index,0,1,0%,4
https://drawdown.trading/learn-to-trade/futures-trading/newcastle,0,1,0%,4
https://drawdown.trading/learn-to-trade/risk-management/newcastle,0,1,0%,4
https://drawdown.trading/us/brokers/oanda,0,1,0%,4
https://drawdown.trading/us/learn-to-trade/day-trading/chicago,0,1,0%,4
https://drawdown.trading/us/learn-to-trade/day-trading/los-angeles,0,1,0%,4
https://drawdown.trading/learn-to-trade/candlestick-patterns/oxford,0,1,0%,5
https://drawdown.trading/learn-to-trade/futures-trading/dundee,0,1,0%,5
https://drawdown.trading/learn-to-trade/options-trading/milton-keynes,0,1,0%,5
https://drawdown.trading/sg/how-to/trade-crypto-singapore,0,1,0%,5
https://drawdown.trading/blog/why-trading-gurus-use-demo-accounts,0,1,0%,6
https://drawdown.trading/blog/worthless-trading-courses,0,1,0%,6
https://drawdown.trading/how-to/trade-bitcoin,0,1,0%,6
https://drawdown.trading/learn-to-trade/commodity-trading/york,0,1,0%,6
https://drawdown.trading/learn-to-trade/online-trading/chesterfield,0,1,0%,6
https://drawdown.trading/learn-to-trade/options-trading/manchester,0,1,0%,6
https://drawdown.trading/glossary/compounding,0,1,0%,7
https://drawdown.trading/glossary/ecn-broker,0,1,0%,7
https://drawdown.trading/learn-to-trade/day-trading/cardiff,0,1,0%,7
https://drawdown.trading/learn-to-trade/online-trading/reading,0,1,0%,7
https://drawdown.trading/learn-to-trade/scalping-strategies/belfast,0,1,0%,7
https://drawdown.trading/us/best/trading-course-us,0,1,0%,7
https://drawdown.trading/us/learn-to-trade/futures-trading/miami,0,1,0%,7
https://drawdown.trading/glossary/doji,0,1,0%,8
https://drawdown.trading/learn-to-trade/algorithmic-trading/cambridge,0,1,0%,8
https://drawdown.trading/learn-to-trade/commodity-trading/edinburgh,0,1,0%,8
https://drawdown.trading/learn-to-trade/day-trading/belfast,0,1,0%,8
https://drawdown.trading/learn-to-trade/fibonacci-retracement/nottingham,0,1,0%,8
https://drawdown.trading/sg/compare/cmc-vs-oanda-singapore,0,1,0%,8
https://drawdown.trading/learn-to-trade/crypto-trading/cardiff,0,1,0%,9
https://drawdown.trading/learn-to-trade/swing-trading/liverpool,0,1,0%,9
https://drawdown.trading/learn-to-trade/technical-analysis/cambridge,0,1,0%,9
https://drawdown.trading/learn-to-trade/trading-psychology/coventry,0,1,0%,9
https://drawdown.trading/learn-to-trade/volume-profile/exeter,0,1,0%,9
https://drawdown.trading/sg/pricing,0,1,0%,9
https://drawdown.trading/blog/case-for-full-automation,0,1,0%,10
https://drawdown.trading/glossary/carry-trade,0,1,0%,10
https://drawdown.trading/glossary/twap,0,1,0%,10
https://drawdown.trading/learn-to-trade/online-trading/edinburgh,0,1,0%,10
https://drawdown.trading/learn-to-trade/online-trading/milton-keynes,0,1,0%,10
https://drawdown.trading/learn-to-trade/price-action/derby,0,1,0%,10
https://drawdown.trading/learn-to-trade/stock-trading-uk/leeds,0,1,0%,10
https://drawdown.trading/learn-to-trade/swing-trading/birmingham,0,1,0%,10
https://drawdown.trading/learn-to-trade/trading-psychology/milton-keynes,0,1,0%,10
https://drawdown.trading/us/brokers/schwab,0,1,0%,10
https://drawdown.trading/learn-to-trade/online-trading/dundee,0,1,0%,11
https://drawdown.trading/learn-to-trade/scalping-strategies/swansea,0,1,0%,11
https://drawdown.trading/learn-to-trade/trading-tax-uk/sheffield,0,1,0%,11
https://drawdown.trading/markets/hang-seng,0,1,0%,11
https://drawdown.trading/us/learn-to-trade/options-trading/miami,0,1,0%,11
https://drawdown.trading/learn-to-trade/crypto-trading/edinburgh,0,1,0%,12
https://drawdown.trading/learn-to-trade/price-action/york,0,1,0%,12
https://drawdown.trading/markets/nasdaq,0,1,0%,12
https://drawdown.trading/us/learn-to-trade/forex-trading/miami,0,1,0%,12
https://drawdown.trading/blog/backtesting-101,0,1,0%,13
https://drawdown.trading/learn-to-trade/crypto-trading/belfast,0,1,0%,13
https://drawdown.trading/learn-to-trade/position-sizing/sunderland,0,1,0%,13
https://drawdown.trading/us/how-to/use-level-2-data,0,1,0%,15
https://drawdown.trading/learn-to-trade/day-trading/birmingham,0,1,0%,17
https://drawdown.trading/best/risk-calculator,0,1,0%,19
https://drawdown.trading/best/trading-app-uk,0,1,0%,19
https://drawdown.trading/learn-to-trade/forex-trading/leeds,0,1,0%,19
https://drawdown.trading/markets/eurjpy,0,1,0%,19
https://drawdown.trading/learn-to-trade/online-trading/glasgow,0,1,0%,20
https://drawdown.trading/markets/gbpnzd,0,1,0%,20
https://drawdown.trading/glossary/dividend,0,1,0%,23
https://drawdown.trading/learn-to-trade/forex-trading/brighton,0,1,0%,23
https://drawdown.trading/markets/polygon,0,1,0%,24
https://drawdown.trading/how-to/swing-trade,0,1,0%,26
https://drawdown.trading/glossary/bull-market,0,1,0%,31
https://drawdown.trading/learn-to-trade/trading-tax-uk/cardiff,0,1,0%,34
https://drawdown.trading/learn-to-trade/scalping-strategies/london,0,1,0%,41
https://drawdown.trading/sg/how-to/trade-asia-session,0,1,0%,41
https://drawdown.trading/us/learn-to-trade/day-trading/denver,0,1,0%,43
https://drawdown.trading/best/candlestick-pattern,0,1,0%,44
https://drawdown.trading/learn-to-trade/forex-trading/belfast,0,1,0%,50
https://drawdown.trading/us/best/free-trading-tools-us,0,1,0%,50
https://drawdown.trading/glossary/smart-money,0,1,0%,57
https://drawdown.trading/glossary/technical-indicator-def,0,1,0%,58
https://drawdown.trading/us/compare/robinhood-vs-webull,0,1,0%,61
https://drawdown.trading/us/best/swing-trading-platform-us,0,1,0%,83
https://drawdown.trading/glossary/vwap,0,1,0%,84
https://drawdown.trading/brokers/city-index,0,1,0%,86
https://drawdown.trading/glossary/ask-price,0,1,0%,87
https://drawdown.trading/glossary/trailing-stop,0,1,0%,87
https://drawdown.trading/glossary/engulfing-candle,0,1,0%,90
https://drawdown.trading/glossary/hammer-candle,0,1,0%,110